{
  "folds": 5,
  "r2_scores": [
    0.9803163031034138,
    0.9944882280346264,
    0.9945898427774779,
    0.9938692352435579,
    0.9922991946608014
  ],
  "mae_scores": [
    6.476428144540022,
    4.4381518225615535,
    4.079819574614072,
    4.140917835110207,
    4.684239118406373
  ],
  "rmse_scores": [
    22.701399541167415,
    12.130567127443545,
    10.8272487720478,
    11.54528989469679,
    13.821925180931316
  ],
  "mean_r2": 0.9911125607639754,
  "std_r2": 0.006104366334606025,
  "mean_mae": 4.763911299046446,
  "mean_rmse": 14.205286103257373
}