{
  "dataset": "dataset_1",
  "model": "Random Forest",
  "mean_error": 2.6573317653936788,
  "median_error": -0.09244792073664954,
  "std_error": 18.202144508260087,
  "min_error": -31.457760555555694,
  "max_error": 168.76255174603187,
  "percentiles": {
    "5": -7.908708199735645,
    "25": -1.0759822156085015,
    "50": -0.09244792073664954,
    "75": 0.3861056746031366,
    "95": 14.431859171957797
  }
}