{
  "mean_mape": 2.503811923396973,
  "median_mape": 0.7907996254102727,
  "within_5_percent": 88.12154696132598,
  "within_10_percent": 94.1988950276243,
  "within_20_percent": 98.89502762430939
}