{
  "dataset": "dataset_2",
  "model": "Random Forest",
  "mean_error": 0.5799460214536598,
  "median_error": 0.3800243067070008,
  "std_error": 28.711328614053908,
  "min_error": -301.26019969582734,
  "max_error": 176.9873113475378,
  "percentiles": {
    "5": -35.174231584391144,
    "25": -3.5686924324659977,
    "50": 0.3800243067070008,
    "75": 5.528386750484312,
    "95": 41.694607138031294
  }
}