{
  "folds": 5,
  "r2_scores": [
    0.999227138758029,
    0.9991959200489348,
    0.9993570186387155,
    0.9986038265508074,
    0.9988936696787167
  ],
  "mae_scores": [
    0.7566068771933692,
    0.7185376774427631,
    0.6093044087743769,
    0.8094343224300048,
    0.8826568174573799
  ],
  "rmse_scores": [
    3.194093742619584,
    3.2447585900741425,
    2.775927217220332,
    4.247765113917402,
    3.8299603837257585
  ],
  "mean_r2": 0.9990555147350406,
  "std_r2": 0.0003042569224356495,
  "mean_mae": 0.7553080206595788,
  "mean_rmse": 3.458501009511444
}