{
  "dataset": "dataset_2",
  "model": "Random Forest",
  "mean_error": 0.29921709813064973,
  "median_error": -0.002536399908975362,
  "std_error": 3.608683861906899,
  "min_error": -19.697889250000003,
  "max_error": 60.40972628571444,
  "percentiles": {
    "5": -0.939008240439972,
    "25": -0.07990369611815495,
    "50": -0.002536399908975362,
    "75": 0.064094333333367,
    "95": 1.20481264166656
  }
}