{
  "mean_mape": 0.6101509003020489,
  "median_mape": 0.20203705181421783,
  "within_5_percent": 97.84580498866214,
  "within_10_percent": 99.14965986394559,
  "within_20_percent": 99.82993197278913
}