{
  "folds": 5,
  "r2_scores": [
    0.9803163031034138,
    0.9944882280346264,
    0.9945898427774779,
    0.9938692352435579,
    0.9922991946608014
  ],
  "mae_scores": [
    6.476428144540017,
    4.438151822561556,
    4.0798195746140715,
    4.140917835110206,
    4.684239118406369
  ],
  "rmse_scores": [
    22.701399541167408,
    12.130567127443557,
    10.827248772047797,
    11.545289894696783,
    13.821925180931316
  ],
  "mean_r2": 0.9911125607639754,
  "std_r2": 0.006104366334606025,
  "mean_mae": 4.763911299046444,
  "mean_rmse": 14.205286103257373
}