{
  "dataset": "dataset_1",
  "model": "Random Forest",
  "mean_error": 2.657331765393677,
  "median_error": -0.09244792073664598,
  "std_error": 18.202144508260094,
  "min_error": -31.457760555555694,
  "max_error": 168.76255174603193,
  "percentiles": {
    "5": -7.908708199735645,
    "25": -1.0759822156085086,
    "50": -0.09244792073664598,
    "75": 0.386105674603181,
    "95": 14.431859171957791
  }
}