{
  "text": "ROI Analysis\nOverstock reduction opportunity: 1178.06\nUnderstock reduction opportunity: 1920.55\nAnnual savings: 15493.05\nEstimated implementation cost: 3098.61\nROI %: 400.00%\nAverage absolute test error: 13.94",
  "savings": 15493.05,
  "cost": 3098.61,
  "roi": 399.99999999999994,
  "annual_savings": 15493.05,
  "implementation_cost": 3098.61,
  "roi_pct": 399.99999999999994
}