{
  "folds": 5,
  "r2_scores": [
    0.9419440498912288,
    0.9319919877555113,
    0.9272382565928627,
    0.950535944519036,
    0.9242611021586631
  ],
  "mae_scores": [
    13.95534132454938,
    14.131987221187101,
    13.449915298845434,
    12.35214362569878,
    15.028312853688703
  ],
  "rmse_scores": [
    27.68348395103034,
    29.840983167641337,
    29.529807356223703,
    25.283416343154396,
    31.689244862987014
  ],
  "mean_r2": 0.9351942681834604,
  "std_r2": 0.010885924691807516,
  "mean_mae": 13.783540064793879,
  "mean_rmse": 28.80538713620736
}