{
  "mean_mape": 25.47025062664622,
  "median_mape": 10.425416461962989,
  "within_5_percent": 26.87074829931973,
  "within_10_percent": 49.31972789115646,
  "within_20_percent": 71.82539682539682
}